strain,insertion: 16bp @ ref pos 0,insertion: 1bp @ ref pos 61,insertion: 22bp @ ref pos 10769
KJ776791,AGTTGTTGATCTGTGT,T,TGTGGGGAAATCCATGGGTCT
MH675620,AGTTGTTGATCTGTGT,T,TGTGGGGAAATCCATGGGTCT
MH675628,AGTTGTTGATCTGTGT,T,TGTGGGGAAATCCATGGGTCT
KY075939,AGTTGTTGATCTGTGT,T,
MG548661,AGTTGTTGATCTGTGT,T,TGTGGGGAAATCCATGGGTCT
KX051563,AGTTGTTACTGTTGCT,T,TGTGGGGAAATCCATGGGTCTT
KU761561,TGT,T,
MN124090,TGT,T,
MN124091,TGT,T,
MH882548,TGT,T,TGTGGGGAA
MN100039,GTGT,T,
MH882538,GTGT,T,TGTGGGGAAA
KY325473,GTGT,T,TGTGGGGAAATC
KX446950,TGTGT,T,TGTGGGGAAATCCATGGGTCT
KX447518,,T,
KX447519,,T,
KX447521,,T,
MK049246,,T,
KY693678,,T,
KU937936,,T,
KY559030,,T,
MK241417,,T,
KX922707,,T,
KY075936,,T,
MK216687,,T,
MK216699,,T,
MK216696,,T,
MK216710,,T,
MK216712,,T,
MK216731,,T,
MK216745,,T,
MK216691,,T,
MK216722,,T,
MK216721,,T,
MK216709,,T,
MK216711,,T,
KU179098,,T,
MK216744,,T,
MK216729,,T,
